{
  "resourceType" : "Patient",
  "id" : "NigeriaPatientExample",
  "meta" : {
    "profile" : ["http://hl7.ng/StructureDefinition/NigeriaPatient"]
  },
  "text" : {
    "status" : "generated",
    "div" : "<div xmlns=\"http://www.w3.org/1999/xhtml\"><p class=\"res-header-id\"><b>Generated Narrative: Patient NigeriaPatientExample</b></p><a name=\"NigeriaPatientExample\"> </a><a name=\"hcNigeriaPatientExample\"> </a><a name=\"NigeriaPatientExample-en-US\"> </a><p style=\"border: 1px #661aff solid; background-color: #e6e6ff; padding: 10px;\">James Pond  (no stated gender), DoB Unknown ( National Identification Number: 1234567890\u00a0(use:\u00a0official,\u00a0))</p><hr/></div>"
  },
  "identifier" : [{
    "use" : "official",
    "type" : {
      "coding" : [{
        "system" : "http://terminology.hl7.org/CodeSystem/v2-0203",
        "code" : "NIN",
        "display" : "National Identification Number"
      }]
    },
    "system" : "urn:oid:2.16.840.1.113883.4.1",
    "value" : "1234567890"
  }],
  "name" : [{
    "family" : "Pond",
    "given" : ["James"]
  }]
}